<?xml version="1.0" encoding="ISO-8859-1"?>
<metadata>
	<idinfo>
		<citation>
			<citeinfo>
				<origin>Cook County Board of Commissioners</origin>
				<pubdate>20020201</pubdate>
				<title Sync="TRUE">PLSSpolys</title>
				<edition>2001</edition>
				<geoform Sync="TRUE">vector digital data</geoform>
				<pubinfo>
					<pubplace>Chicago, Illinois</pubplace>
					<publish>Cook County Board of Commissioners</publish>
				</pubinfo>
				<onlink Sync="TRUE">\\PLANDEVSERVER\P&amp;D Server\GIS\GIS_Data\Shapefiles\PLSS\PLSSpolys</onlink>
				<ftname Sync="TRUE">PLSSpolys</ftname></citeinfo>
		</citation>
		<descript>
			<abstract>
The Public Land Survey System (PLSS) forms the foundation of Cook County's cadastral system for identifying and locating land records. Tax parcels are identified using township and section notation, in a modified format. The PLSS serves as a way for users to navigate the parcel geodatabase. This PLSS feature data set is intended to correspond to tax pages in the Cook County Assessor's Tax Map book (current as of tax year 2000 for 66% of the County and as of tax year 2001 for the remaining 33% of the County), and should not be used for measurement or surveyor purposes. In addition, the parcel attributes PINA (area/township) and PINSA (subarea/section) do not necessarily correspond to the PLSS township and section polygon in which a given parcel resides.

The PLSS data is modeled as a single composite network coverage that encompasses townships (area), sections (subarea), quarter sections, and half quarter section. Tax map pages, which typically correspond to half quarter sections (in an east-west split), are modeled as a region subclass in the LANDFABRIC layer.  If an indigenous people's reserve was present on the tax map, it was digitized to create subpolygons of the half-quarter section, and those polygons were attributed with the name of the reserve. Within this PLSS data set, a half-quarter section is the smallest polygon unit, except in cases where an Indigenous People's Reserve line is present.

The cadastral data for Cook County have previously not been digital nor automated. This project is the initial automation for this information. This database was designed to represent a continuous, non-overlapping spatial database accounting for all land area in Cook County.
</abstract>
			<purpose>
The Public Land Survey System (PLSS) forms the foundation of Cook County's cadastral system for identifying and locating land records. The PLSS serves as a way for users to navigate the parcel geodatabase. This PLSS feature data set is intended to correspond to tax pages in the Cook County Assessor's Tax Map book.

The Cadastral data set is a depiction of taxable properties in Cook County with selected associated features for enhancement. The purpose of creating this cadastral geodatabase was to update previous data sets and integrate the data with other data sets based on a common geography (digital orthophotoimagery), and serve as a standard cadastral database for virtually all cadastral applications in the County. The creation of this digital cadastral database will allow Cook County to supplant hard-copy tax maps, which are used to illustrate parcel boundaries, with a comprehensive GIS database referenced to an accurate planimetric base map and digital orthoimagery. The County will thus be able to perform maintenance of its land records in the GIS database and automate queries and map output. The Cook County Assessor will not use this database for assessment purposes (such as area of the property). However, the tax map serves the Cook County Clerk to graphically depict legal descriptions of all parcels in Cook County as the tax map represents them.

The primary sources of data for the Cook County cadastral GIS database are the approximately 8,800 tax map "pages" maintained by the Cook County Clerk's Office. All information appearing on existing tax maps as of tax years 2000 or 2001 was incorporated into the cadastral database. The maps are maintained by the Clerk's Office on Mylar and have been published annually.

The County's system of tax maps is based on the Illinois Public Land Survey System (PLSS). In the PLSS, each township is divided into 36 sections, and each section into four quarter-sections.  A quarter-section is further divided into two tax map sheets, often called "pages". Each tax map (1/4 mile by 1/2 mile) represents the east or west half of one quarter-section, and typically there are eight tax maps per section.  There can be additional pages, known as "flysheets" or "flyleaves", which provide additional information as to subdivisions, condominium/unit, and floor-plans/elevations.

It is not intended that the digital cadastral feature data set should match perfectly with the digital orthoimagery, but rather that it match relatively well so that the digital orthoimagery would provide a visual backdrop to the cadastral information and replicate the tax maps. The tax maps themselves are graphical representations of legal descriptions but cannot be used in place of legal descriptions. As such, this digital cadastral database should not be used in place of legal descriptions, where warranted.
</purpose>
			<supplinf>
During digitization of the tax maps, the corner points of the tax maps were digitized to create a half-quarter section polygon. Each polygon was attributed with the township, range, section, quarter section, and half-quarter section. In areas without easily identifiable section corners, the section, quarter section, and half-quarter section points were estimated as the common point of the georeferenced tax maps. In some areas, these points were estimated due to the poor fit between adjacent tax maps.

The U.S. PLSS was established in the late eighteenth century to facilitate the organized disposition of land in the frontier areas. The system superseded the original metes and bounds system of land subdivision used in colonial times.

The PLSS is based on the division of land into regular, surveyed units that can be easily located with reference to a series of meridians and baselines that serve as the framework for the system. Meridians are surveyed lines running north-south, and baselines run east-west. Since these lines were established prior to many of the surveyed areas becoming states, in many cases they do not correspond with state lines.

The third principal meridian and its corresponding baseline is the starting point for surveys in most of eastern Illinois. The intersection of these two lines in south central Illinois serves as the baseline for referencing land records in this past of the State including Cook County.

For more detailed information about the PLSS, please consult Appendix A - Section A.2 of "Conceptual Database Design for GIS Database Development, Final," March 2000, prepared for Cook County Assessor's Office by Environmental Systems Research Institute, Inc. Please refer to Contact Information in this section to obtain a copy.

This cadastral feature data set was originally developed as an ArcInfo coverage. Throughout the metadata, there will be information pertaining to the general data, as well as more specific information referring to the data when obtained and used as an ArcInfo coverage, and an ArcGIS geodatabase. In metadata fields where specific information is required, it will be listed in the same order.

The original data set was created as an ArcInfo coverage and was later converted to an ArcGIS geodatabase. The current data format, as used by the Cook County government, is a geodatabase. The ArcInfo geodatabase model supports topologically integrated feature classes similar to the ArcInfo coverage model but extends the coverage model to support relationship classes, complex networks, and object-oriented features. Geodatabases contain feature classes (which can be organized into feature datasets) and tables. For more information about the use and format of ArcGIS geodatabases, please consult the Environmental Systems Research Institute (ESRI) web page at http://www.esri.com.

This data set is one in a series of five cadastral data sets for Cook County, Illinois.

In the cadastral database model, atomic polygons have been aggregated into various layers based on key attributes. Each layer may then be linked to ancillary tables and objects based on its key attribute.

For information regarding available distribution formats, please contact the individual listed as the Contact_Person in the Distribution_Information section of this metadata document.
</supplinf>
			<langdata Sync="TRUE">en</langdata></descript>
		<timeperd>
			<timeinfo>
				<rngdates>
					<begdate>2000</begdate>
					<enddate>2001</enddate>
				</rngdates>
				<sngdate><caldate>REQUIRED: The year (and optionally month, or month and day) for which the data set corresponds to the ground.</caldate></sngdate></timeinfo>
			<current>publication date</current>
		</timeperd>
		<status>
			<progress>Complete</progress>
			<update>Tax maps are published once every calendar year, on February 1</update>
		</status>
		<spdom>
			<bounding>
				<westbc Sync="TRUE">-88.264287</westbc>
				<eastbc Sync="TRUE">-87.516925</eastbc>
				<northbc Sync="TRUE">42.154378</northbc>
				<southbc Sync="TRUE">41.468316</southbc>
			</bounding>
			<lboundng><leftbc Sync="TRUE">1003172.313000</leftbc><rightbc Sync="TRUE">1205633.875000</rightbc><bottombc Sync="TRUE">1749884.652000</bottombc><topbc Sync="TRUE">1998854.277000</topbc></lboundng></spdom>
		<keywords>
			<theme>
				<themekt>None</themekt>
				<themekey>Public Land Survey System</themekey>
				<themekey>cadastral</themekey>
				<themekey>tax map</themekey>
				<themekey>PLSS</themekey>
				<themekey>Land Index</themekey>
			</theme>
			<place>
				<placekt>None</placekt>
				<placekey>Cook County</placekey>
				<placekey>Chicago</placekey>
				<placekey>Illinois</placekey>
				<placekey>northeastern Illinois</placekey>
				<placekey>Barrington</placekey>
				<placekey>Berwyn</placekey>
				<placekey>Bloom</placekey>
				<placekey>Bremen</placekey>
				<placekey>Calumet</placekey>
				<placekey>Cicero</placekey>
				<placekey>Elk Grove</placekey>
				<placekey>Evanston</placekey>
				<placekey>Hanover</placekey>
				<placekey>Hyde Park</placekey>
				<placekey>Jefferson</placekey>
				<placekey>Lake</placekey>
				<placekey>Lake View</placekey>
				<placekey>Lemont</placekey>
				<placekey>Leyden</placekey>
				<placekey>Lyons</placekey>
				<placekey>Maine</placekey>
				<placekey>New Trier</placekey>
				<placekey>Niles</placekey>
				<placekey>North</placekey>
				<placekey>Northfield</placekey>
				<placekey>Norwood Park</placekey>
				<placekey>Oak Park</placekey>
				<placekey>Orland</placekey>
				<placekey>Palatine</placekey>
				<placekey>Palos</placekey>
				<placekey>Proviso</placekey>
				<placekey>Rich</placekey>
				<placekey>River Forest</placekey>
				<placekey>Riverside</placekey>
				<placekey>Rogers Park</placekey>
				<placekey>Schaumburg</placekey>
				<placekey>South</placekey>
				<placekey>Stickney</placekey>
				<placekey>Thorton</placekey>
				<placekey>West</placekey>
				<placekey>Wheeling</placekey>
				<placekey>Worth</placekey>
			</place>
		</keywords>
		<accconst>There may be attributes for this dataset which are listed in this metadata record but which the recipient will not receive. These portions of the dataset are for internal use by Cook County only and are not subject to distribution.</accconst>
		<useconst>
Under no circumstances may the data be redistributed or made available over a network without explicit permission from the Cook County Department of Office Technology.

It is required that the Cook County Board of Commissioners be cited in any products generated from the data. The following source citation must be included: "Source: Cook County, Illinois 1:1200-Scale Public Land Survey System (PLSS)/Land Index, Version 1.0, June 2002"
</useconst>
		<ptcontac>
			<cntinfo>
				<cntorgp>
					<cntorg>Office of the Cook County Clerk</cntorg>
					<cntper>Tanya Anthofer</cntper>
				</cntorgp>
				<cntpos>GIS Manager</cntpos>
				<cntaddr>
					<addrtype>mailing and physical address</addrtype>
					<address>
Cook County Clerk
Room 434 Map Dept
118 N. Clark St
</address>
					<city>Chicago</city>
					<state>Illinois</state>
					<postal>60602</postal>
					<country>USA</country>
				</cntaddr>
				<cntvoice>312-603-6229</cntvoice>
				<cntfax>312-603-6717</cntfax>
				<cntemail>TANTHOF@cookcountygov.com</cntemail>
				<hours>09:00 - 17:00, Central Time Zone, Monday - Friday, except holidays</hours>
			</cntinfo>
		</ptcontac>
		<datacred>David Orr, Cook County Clerk, was instrumental in the process of creating digital cadastral data layers for Cook County, Illinois.</datacred>
		<native Sync="TRUE">Microsoft Windows XP Version 5.1 (Build 2600) Service Pack 2; ESRI ArcCatalog 9.3.1.1850</native>
		<natvform Sync="TRUE">Shapefile</natvform></idinfo>
	<dataqual>
		<attracc>
			<attraccr>The attributes in this data set are estimated to have very good accuracy, to a contract-specified level of 98% accuracy. This data set and its attributes were subjected to extensive quality control checks, both automated and manual/visual, throughout its development. The QC was performed by the vendor(s) creating the data set, while the final quality inspection and approval of the data set was performed by staff of Cook County.</attraccr>
		</attracc>
		<logic>
Features are stored in double precision, using ESRI ARCGIS 8.x software, as a geodatabase.

As cadastral features were digitized from paper tax maps and completed, they were checked against those images adjacent to them to ensure correct edgematching and completeness and correct coding of and lines which crossed onto adjoining images.
</logic>
		<complete>This feature data set includes all features found on the Cook County Tax Maps as of 1 February 2001.  Completeness is judged to be excellent, based on repeated examination and usage.</complete>
		<posacc>
			<horizpa>
				<horizpar>
This data set was created in part using digital orthoimagery as a base, which meets National Map Accuracy Standards for 1"=100' data products, and has an absolute  horizontal positional accuracy of +/- 2.5 feet (+/- 0.7625 meters).

Additionally, this data set was subjected to numerous vendor automatic and manual quality control checks to ensure the positional accuracy of the data set throughout the processing.
</horizpar>
			</horizpa>
		</posacc>
		<lineage>
			<srcinfo>
				<srccite>
					<citeinfo>
						<origin>Cook County Board of Commissioners</origin>
						<pubdate>1998</pubdate>
						<title>Cook County, Illinois 1998 1:1200-scale Black and White Digital Orthoimagery, February 2002</title>
						<edition>1.0</edition>
						<geoform>raster digital data</geoform>
						<pubinfo>
							<pubplace>Chicago, Illinois</pubplace>
							<publish>Cook County Board of Commissioners</publish>
						</pubinfo>
					</citeinfo>
				</srccite>
				<srcscale>1200</srcscale>
				<typesrc>CD-ROM</typesrc>
				<srctime>
					<timeinfo>
						<mdattim>
							<sngdate>
								<caldate>19980417</caldate>
							</sngdate>
							<sngdate>
								<caldate>19980418</caldate>
							</sngdate>
							<sngdate>
								<caldate>19980419</caldate>
							</sngdate>
							<sngdate>
								<caldate>19980423</caldate>
							</sngdate>
						</mdattim>
					</timeinfo>
					<srccurr>ground condition</srccurr>
				</srctime>
				<srccitea>1998_Digital_Orthoimagery</srccitea>
				<srccontr>Provided background base for verification of geographical accuracy of data set.</srccontr>
			</srcinfo>
			<srcinfo>
				<srccite>
					<citeinfo>
						<origin>Cook County Clerk and Cook County Board of Commissioners</origin>
						<pubdate>20010201</pubdate>
						<title>Cook County Tax Maps</title>
						<geoform>multiple map pages</geoform>
						<pubinfo>
							<pubplace>Chicago, Illinois</pubplace>
							<publish>Cook County Board of Commissioners</publish>
						</pubinfo>
						<othercit>8,800 plus map sheets</othercit>
						<onlink>TBD</onlink>
					</citeinfo>
				</srccite>
				<srcscale>1200</srcscale>
				<typesrc>stable-base material</typesrc>
				<srctime>
					<timeinfo>
						<rngdates>
							<begdate>2000</begdate>
							<enddate>2001</enddate>
						</rngdates>
					</timeinfo>
					<srccurr>publication date</srccurr>
				</srctime>
				<srccitea>Current_Tax_Maps</srccitea>
				<srccontr>The mylar tax maps provided the base from which the digital cadastral data layers were created.</srccontr>
			</srcinfo>
			<procstep>
				<procdesc>1.0 Scan Tax Maps: TeamWerks, Inc. (TeamWerks) scanned all available current (as of 2000) Cook County Tax Maps (Current_Tax_Maps), at a resolution of 300 dots per inch (dpi) and delivered them as TIFF images to two contractors working on the tax map processes, Smart Data Strategies, Inc. (SDS) and Catalyst Consulting Group (Catalyst).</procdesc>
				<srcused>Current_Tax_Maps</srcused>
				<procdate>2000-2001</procdate>
				<srcprod>Scanned_Tax_Maps</srcprod>
				<proccont>
					<cntinfo>
						<cntorgp>
							<cntorg>Environmental Systems Research Institute, Inc. (ESRI), Professional Services</cntorg>
							<cntper>Charlie Wells</cntper>
						</cntorgp>
						<cntpos>Project Manager</cntpos>
						<cntaddr>
							<addrtype>mailing address</addrtype>
							<address>380 New York Street</address>
							<city>Redlands</city>
							<state>California</state>
							<postal>92373-8100</postal>
							<country>USA</country>
						</cntaddr>
						<cntvoice>909/793-2853</cntvoice>
						<cntemail>professionalservices@esri.com</cntemail>
					</cntinfo>
				</proccont>
			</procstep>
			<procstep>
				<procdesc>2.0 Georeferencing Tax Maps: SDS georeferenced their project area's Scanned_Tax_Maps to the 1998_Digital_Orthophotos base by aligning common road intersections observed on each. Where Scanned_Tax_Maps did not have a sufficient number of road intersections for georeferencing, SDS technicians visually aligned the Scanned_Tax_Maps to the 1998_Digital_Orthophotos using obvious occupation lines. Thus, real-world coordinates were established as control points for the georeferencing process. This georeferencing step was also performed by Catalyst for the geographical area not covered by SDS. Catalyst then sent their output product to GIS Data (ESRI [Thailand] Co. Ltd.) (GIS Data).</procdesc>
				<srcused>Scanned_Tax_Maps, 1998_Digital_Orthoimagery</srcused>
				<procdate>2000 - 2001</procdate>
				<srcprod>Georeferenced_Tax_Maps</srcprod>
				<proccont>
					<cntinfo>
						<cntorgp>
							<cntorg>Environmental Systems Research Institute, Inc. (ESRI), Professional Services</cntorg>
							<cntper>Charlie Wells</cntper>
						</cntorgp>
						<cntpos>Project Manager</cntpos>
						<cntaddr>
							<addrtype>mailing address</addrtype>
							<address>380 New York Street</address>
							<city>Redlands</city>
							<state>California</state>
							<postal>92373-8100</postal>
							<country>USA</country>
						</cntaddr>
						<cntvoice>909/793-2853</cntvoice>
						<cntemail>professionalservices@esri.com</cntemail>
					</cntinfo>
				</proccont>
			</procstep>
			<procstep>
				<procdesc>
3.0 Line Work Digitization: SDS and ESRI (Thailand) Co. Ltd. (GIS Data) digitized line work from the Georeferenced_Tax_Maps.  GIS Data performed line work digitization using Georeferenced_Tax_Maps from Catalyst. Although SDS and GIS Data used different hardware and software systems to perform these functions, both followed the same procedures with similar methods. Technicians used the Georeferenced_Tax_Maps to "heads-up" digitize and construct line work, creating parcels, blocks, subdivisions, and rights-of-way. All boundary information was placed, such as subdivision, block, and page boundaries.

The "Best Fit" concept was used in the production by SDS. The parcels were digitized using 1998_Digital_Orthophotos and Georeferenced_Tax_Maps as background sources, as the technician used ground evidence to register the property boundaries. Fence lines, hedgerows, building outlines, ditch lines, lakes, and streams, along with the Georeferenced_Tax_Maps were used to determine parcel lines and other boundaries. SDS technicians aligned small blocks of parcels to the ground evidence base (1998_Digital_Orthophotos) and then performed line work digitization. This process thus provided an accurate approach to parcel conversion and isolated parcels requiring rigorous editing. Automatic quality control checks were placed throughout the production flow in order to identify errors or omissions early in the conversion process.

GIS Data performed heads-up digitization of line work directly from the Georeferenced_Tax_Maps. The 1998_Digital_Orthophotos were used for reference to resolve conflicts and make some boundary determinations.

Please refer to the document "GIS Database Development Procedures Manual, Final Version, May 2001", by ESRI, for production rules. This document may be obtained from the Cook County Assessor's Office or from the Cook County Department of Office Technology.
</procdesc>
				<srcused>1998_Digital_Orthophotos, Georeferenced_Tax_Maps</srcused>
				<procdate>2000 - 2001</procdate>
				<srcprod>Georeferenced_Digitized_Tax_Maps</srcprod>
				<proccont>
					<cntinfo>
						<cntorgp>
							<cntorg>Environmental Systems Research Institute, Inc. (ESRI), Professional Services</cntorg>
							<cntper>Charlie Wells</cntper>
						</cntorgp>
						<cntpos>Project Manager</cntpos>
						<cntaddr>
							<addrtype>mailing address</addrtype>
							<address>380 New York Street</address>
							<city>Redlands</city>
							<state>California</state>
							<postal>92373-8100</postal>
							<country>USA</country>
						</cntaddr>
						<cntvoice>909/793-2853</cntvoice>
						<cntemail>professionalservices@esri.com</cntemail>
					</cntinfo>
				</proccont>
			</procstep>
			<procstep>
				<procdesc>4.0 Adding Annotation: Annotation was added to the Georeferenced_Digitized_Tax_Maps to reflect all of the annotation information on the original Current_Tax_Maps. In urban areas, this typically included parcel number, dimensions, street names, block numbers, and subdivision reference and section numbers, among other features. Cook County approved all fonts and sizes as well as placement criteria, which were developed according to the Current_Tax_Maps.</procdesc>
				<srcused>Georeferenced_Digitized_Tax_Maps, Current_Tax_Maps</srcused>
				<procdate>2000 - 2001</procdate>
				<srcprod>Annotated_Georeferenced_Digitized_Tax_Maps</srcprod>
				<proccont>
					<cntinfo>
						<cntorgp>
							<cntorg>Environmental Systems Research Institute, Inc. (ESRI), Professional Services</cntorg>
							<cntper>Charlie Wells</cntper>
						</cntorgp>
						<cntpos>Project Manager</cntpos>
						<cntaddr>
							<addrtype>mailing address</addrtype>
							<address>380 New York Street</address>
							<city>Redlands</city>
							<state>California</state>
							<postal>92373-8100</postal>
							<country>USA</country>
						</cntaddr>
						<cntvoice>909/793-2853</cntvoice>
						<cntemail>professionalservices@esri.com</cntemail>
					</cntinfo>
				</proccont>
			</procstep>
			<procstep>
				<procdesc>5.0 Edgematching: Each consultant (GIS Data and SDS) performed typical automatic and visual edgematching procedures throughout the processing. These procedures included customized routines to verify geometric and attribute edgematching.</procdesc>
				<srcused>Various_Process_Outputs</srcused>
				<procdate>2000 - 2002</procdate>
				<srcprod>Various_Process_Outputs</srcprod>
				<proccont>
					<cntinfo>
						<cntorgp>
							<cntorg>Environmental Systems Research Institute, Inc. (ESRI), Professional Services</cntorg>
							<cntper>Charlie Wells</cntper>
						</cntorgp>
						<cntpos>Project Manager</cntpos>
						<cntaddr>
							<addrtype>mailing address</addrtype>
							<address>380 New York Street</address>
							<city>Redlands</city>
							<state>California</state>
							<postal>92373-8100</postal>
							<country>USA</country>
						</cntaddr>
						<cntvoice>909/793-2853</cntvoice>
						<cntemail>professionalservices@esri.com</cntemail>
					</cntinfo>
				</proccont>
			</procstep>
			<procstep>
				<procdesc>6.0 Quality Assurance/Quality Control: Rigid in-process and postprocess QC measures were implemented throughout the processing to ensure the delivery of quality data. Internal QC processes were performed by the edit staff followed by the contractors' QA/QC management teams. Digital files were required to pass each phase of the QA/QC process with complete accuracy prior to their delivery to Cook County. To supplement on-screen edit processes, hard-copy plots were created to assist editing technicians in reviewing the map data. All plots were checked against the original source documents to ensure accuracy and quality. Automated digital checks were also performed. All parcel line work and annotation were validated by quality audits at several points in the processing.</procdesc>
				<srcused>Various_Process_Outputs</srcused>
				<procdate>2000 - 2002</procdate>
				<srcprod>QC_Annotated_Georeferenced_Digitized_Tax_Maps</srcprod>
				<proccont>
					<cntinfo>
						<cntorgp>
							<cntorg>Environmental Systems Research Institute, Inc. (ESRI), Professional Services</cntorg>
							<cntper>Charlie Wells</cntper>
						</cntorgp>
						<cntpos>Project Manager</cntpos>
						<cntaddr>
							<addrtype>mailing address</addrtype>
							<address>380 New York Street</address>
							<city>Redlands</city>
							<state>California</state>
							<postal>92373-8100</postal>
							<country>USA</country>
						</cntaddr>
						<cntvoice>909/793-2853</cntvoice>
						<cntemail>professionalservices@esri.com</cntemail>
					</cntinfo>
				</proccont>
			</procstep>
			<procstep>
				<procdesc>
7.0 Translation into ArcInfo:
GIS Data performed their work in the ArcInfo environment; thus, no translation was required. GIS Data created Region Subclasses from the linework polygons for subdivisions, blocks, parcels, lots, and ROW and the associated Regions tables were populated.

For work performed by SDS, the QC_Annotated_Georeferenced_Digitized_Tax_Maps were translated from MicroStation to ArcInfo format. First, SDS used the ArcInfo IGDSARC command to translate the MicroStation file into a Master_Coverage. As objects in the Master_Coverage were coded into distinct ArcInfo objects, they were verified by proprietary macros to be free of dangles and topology errors. Then, those verified objects were removed from the Master_Coverage until all objects were translated. Automated procedures were then utilized to build polygons using the ArcInfo CLEAN command. The resulting polygons were attributed with the original annotation text and the ArcInfo REGIONDISSOLVE command was issued to create regions from the various polygons.
</procdesc>
				<srcused>QC_Annotated_Georeferenced_Digitized_Tax_Maps</srcused>
				<procdate>2000 - 2002</procdate>
				<srcprod>Tax_Map_Regions</srcprod>
				<proccont>
					<cntinfo>
						<cntorgp>
							<cntorg>Environmental Systems Research Institute, Inc. (ESRI), Professional Services</cntorg>
							<cntper>Charlie Wells</cntper>
						</cntorgp>
						<cntpos>Project Manager</cntpos>
						<cntaddr>
							<addrtype>mailing address</addrtype>
							<address>380 New York Street</address>
							<city>Redlands</city>
							<state>California</state>
							<postal>92373-8100</postal>
							<country>USA</country>
						</cntaddr>
						<cntvoice>909/793-2853</cntvoice>
						<cntemail>professionalservices@esri.com</cntemail>
					</cntinfo>
				</proccont>
			</procstep>
			<procstep>
				<procdesc>8.0 Quality Control of ArcInfo Database: To verify that the data in Tax_Map_Regions was captured correctly and that the ArcInfo database structure conformed to Cook County specifications, ESRI QCView software was used as part of the automated control process, and ArcView was used for visual verification by GIS Data. Coverages and themes were validated to ensure that they contained the appropriate feature classes and subclasses, and individual attribute item definitions were checked. Additionally, project parameters such as map projection, units, and applicable map scales were validated.</procdesc>
				<srcused>Tax_Map_Regions</srcused>
				<procdate>2000 - 2002</procdate>
				<srcprod>QC_Tax_Map_Regions</srcprod>
				<proccont>
					<cntinfo>
						<cntorgp>
							<cntorg>Environmental Systems Research Institute, Inc. (ESRI), Professional Services</cntorg>
							<cntper>Charlie Wells</cntper>
						</cntorgp>
						<cntpos>Project Manager</cntpos>
						<cntaddr>
							<addrtype>mailing address</addrtype>
							<address>380 New York Street</address>
							<city>Redlands</city>
							<state>California</state>
							<postal>92373-8100</postal>
							<country>USA</country>
						</cntaddr>
						<cntvoice>909/793-2853</cntvoice>
						<cntemail>professionalservices@esri.com</cntemail>
					</cntinfo>
				</proccont>
			</procstep>
			<procstep>
				<procdesc>9.0 Final Quality Control of Deliverables: The QC_Tax_Map_Regions was sent from SDS and GIS Data to ESRI Redlands, the primary contractor for this project. ESRI Redlands then sent QC_Tax_Map_Regions to one of two quality control contractors - either Catalyst Consulting, Inc., (Catalyst) or Spatial Data Integrations, Inc., (SDI). ESRI Redlands may have also performed some in-house quality control analysis on QC_Tax_Map_Regions delivered from GIS Data. In any case, the quality control contractors verified the overall quality of the QC_Tax_Map_Regions delivered using ESRI QC View software and ArcView. If the quality was not acceptable, the data set was sent back to the original developing contractor (SDS or GIS Data) for corrections. Any corrected data was then reviewed once again by either Catalyst or SDI or by ESRI Redlands for overall quality until it was acceptable.</procdesc>
				<srcused>QC_Tax_Map_Regions</srcused>
				<procdate>2000 - 2002</procdate>
				<srcprod>Vendor_QC_Tax_Map_Regions.</srcprod>
				<proccont>
					<cntinfo>
						<cntorgp>
							<cntorg>ESRI Redlands</cntorg>
							<cntper>Charlie Wells</cntper>
						</cntorgp>
						<cntpos>Project Leader</cntpos>
						<cntaddr>
							<addrtype>mailing and physical address</addrtype>
							<address>380 New York Street</address>
							<city>Redlands</city>
							<state>CA</state>
							<postal>92373-8100</postal>
							<country>USA</country>
						</cntaddr>
						<cntvoice>909-793-2853</cntvoice>
						<cntfax>909-307-3025</cntfax>
					</cntinfo>
				</proccont>
			</procstep>
			<procstep>
				<procdesc>10.0 Cook County Quality Control of Deliverables:  Following review by Catalyst or SDI, ESRI Redlands delivered the Vendor_QC_Tax_Map_Regions to Cook County. Using ArcView, Cook County performed its own QC of this coverage data. If the quality was not acceptable, the data set was returned to ESRI Redlands who either returned it to the original conversion subcontractor or performed the corrections themselves.</procdesc>
				<srcused>Vendor_QC_Tax_Map_Regions</srcused>
				<procdate>2000 - 2002</procdate>
				<srcprod>Final_Cook_QC_Tax_Map_Regions</srcprod>
				<proccont>
					<cntinfo>
						<cntorgp>
							<cntorg>ESRI Redlands</cntorg>
							<cntper>Charlie Wells</cntper>
						</cntorgp>
						<cntpos>Project Leader</cntpos>
						<cntaddr>
							<addrtype>mailing and physical address</addrtype>
							<address>380 New York Street</address>
							<city>Redlands</city>
							<state>CA</state>
							<postal>92373-8100</postal>
							<country>USA</country>
						</cntaddr>
						<cntvoice>909-793-2853</cntvoice>
						<cntfax>909-307-3025</cntfax>
					</cntinfo>
				</proccont>
				<proccont>
					<cntinfo>
						<cntorgp>
							<cntorg>Office of the Cook County Clerk</cntorg>
							<cntper>Tanya Anthofer</cntper>
						</cntorgp>
						<cntpos>GIS Manager</cntpos>
						<cntaddr>
							<addrtype>mailing and physical address</addrtype>
							<address>
Cook County Clerk
Room 434 Map Dept
118 N. Clark St
</address>
							<city>Chicago</city>
							<state>IL</state>
							<postal>60602</postal>
							<country>USA</country>
						</cntaddr>
						<cntvoice>312-603-6229</cntvoice>
						<cntfax>312-603-6717</cntfax>
					</cntinfo>
				</proccont>
			</procstep>
			<procstep>
				<procdesc>11.0 Convert to ArcGIS 8.2 Geodatabase: ESRI Redlands developed a coverage-to-geodatabase conversion module and converted the completed cadastral tax map (Final_Cook_QC_Tax_Map_Regions) data  from ArcInfo coverage format to ArcGIS geodatabase format. ESRI Redlands then validated the conversion by reviewing the conversion statistics and checking the data within the geodatabase to ensure that no data was lost or corrupted.</procdesc>
				<srcused>Final_Cook_QC_Tax_Map_Regions</srcused>
				<procdate>2002 - Present</procdate>
				<srcprod>Tax_Map_Geodatabase</srcprod>
				<proccont>
					<cntinfo>
						<cntorgp>
							<cntorg>ESRI Redlands</cntorg>
							<cntper>Charlie Wells</cntper>
						</cntorgp>
						<cntpos>Project Leader</cntpos>
						<cntaddr>
							<addrtype>mailing and physical address</addrtype>
							<address>380 New York Street</address>
							<city>Redlands</city>
							<state>CA</state>
							<postal>92373-8100</postal>
							<country>USA</country>
						</cntaddr>
						<cntvoice>909-793-2853</cntvoice>
						<cntfax>909-307-3025</cntfax>
					</cntinfo>
				</proccont>
				<proccont>
					<cntinfo>
						<cntorgp>
							<cntorg>Office of the Cook County Clerk</cntorg>
							<cntper>Tanya Anthofer</cntper>
						</cntorgp>
						<cntpos>GIS Manager</cntpos>
						<cntaddr>
							<addrtype>mailing and physical address</addrtype>
							<address>
Cook County Clerk
Room 434 Map Dept
118 N. Clark St
</address>
							<city>Chicago</city>
							<state>IL</state>
							<postal>60602</postal>
							<country>USA</country>
						</cntaddr>
						<cntvoice>312-603-6229</cntvoice>
						<cntfax>312-603-6717</cntfax>
					</cntinfo>
				</proccont>
			</procstep>
			<procstep><procdesc Sync="TRUE">Metadata imported.</procdesc><srcused Sync="TRUE">C:\DOCUME~1\ADMINI~1\LOCALS~1\Temp\3\xml1.tmp</srcused><date Sync="TRUE">20040108</date><time Sync="TRUE">17485800</time></procstep><procstep><procdesc Sync="TRUE">Dataset copied.</procdesc><srcused Sync="TRUE">Server=gis-sde01; Service=5151; Database=gis; User=gis; Version=SDE.DEFAULT</srcused><date Sync="TRUE">20040422</date><time Sync="TRUE">21000100</time></procstep><procstep><procdesc Sync="TRUE">Dataset copied.</procdesc><srcused Sync="TRUE">Server=Gissrv8; Service=5151; Database=gis; User=gis; Version=SDE.DEFAULT</srcused><date Sync="TRUE">20070330</date><time Sync="TRUE">20502700</time></procstep><procstep><procdesc Sync="TRUE">Dataset copied.</procdesc><srcused Sync="TRUE">Server=gissrv8; Service=5151; Database=gis; User=gis; Version=SDE.DEFAULT</srcused><date Sync="TRUE">20080120</date><time Sync="TRUE">22113600</time></procstep><procstep><procdesc Sync="TRUE">Dataset moved.</procdesc><srcused Sync="TRUE">Z:\GIS\GIS_Data\PLSSpolys</srcused><procdate Sync="TRUE">20090128</procdate><proctime Sync="TRUE">15290100</proctime></procstep><procstep><procdesc Sync="TRUE">Dataset moved.</procdesc><srcused Sync="TRUE">Z:\GIS\GIS_Data\Shapefiles\PLSSpolys</srcused><procdate Sync="TRUE">20090408</procdate><proctime Sync="TRUE">17140700</proctime></procstep></lineage>
	</dataqual>
	<spdoinfo>
		<direct Sync="TRUE">Vector</direct>
		<ptvctinf>
			<sdtsterm Name="PLSSpolys">
				<sdtstype Sync="TRUE">G-polygon</sdtstype>
				<ptvctcnt Sync="TRUE">3969</ptvctcnt></sdtsterm>
			<esriterm Name="PLSSpolys"><efeatyp Sync="TRUE">Simple</efeatyp><efeageom Sync="TRUE">Polygon</efeageom><esritopo Sync="TRUE">FALSE</esritopo><efeacnt Sync="TRUE">3969</efeacnt><spindex Sync="TRUE">TRUE</spindex><linrefer Sync="TRUE">FALSE</linrefer></esriterm></ptvctinf>
	</spdoinfo>
	<spref>
		<horizsys>
			<planar>
				<planci>
					<plance Sync="TRUE">coordinate pair</plance>
					<coordrep>
						<absres Sync="TRUE">0.000000</absres>
						<ordres Sync="TRUE">0.000000</ordres>
					</coordrep>
					<plandu Sync="TRUE">survey feet</plandu>
				</planci>
				<mapproj><mapprojn Sync="TRUE">Transverse Mercator</mapprojn><transmer><sfctrmer Sync="TRUE">0.999975</sfctrmer><longcm Sync="TRUE">-88.333333</longcm><latprjo Sync="TRUE">36.666667</latprjo><feast Sync="TRUE">984250.000000</feast><fnorth Sync="TRUE">0.000000</fnorth></transmer></mapproj></planar>
			<geodetic>
				<horizdn Sync="TRUE">North American Datum of 1983</horizdn>
				<ellips Sync="TRUE">Geodetic Reference System 80</ellips>
				<semiaxis Sync="TRUE">6378137.000000</semiaxis>
				<denflat Sync="TRUE">298.257222</denflat>
			</geodetic>
			<cordsysn><geogcsn Sync="TRUE">GCS_North_American_1983</geogcsn><projcsn Sync="TRUE">NAD_1983_StatePlane_Illinois_East_FIPS_1201_Feet</projcsn></cordsysn></horizsys>
		<vertdef><altsys><altenc Sync="TRUE">Explicit elevation coordinate included with horizontal coordinates</altenc><altres Sync="TRUE">1.000000</altres></altsys></vertdef></spref>
	<eainfo>
		<overview>
			<eaover>This Public Land Survey System (PLSS) / Land Index data set contains the boundaries of various levels of geography that define the framework for Cook County's tax map pages, including bounding PLSS townships, sections, and quarter sections.</eaover>
			<eadetcit>
&gt;
&gt; PUBLIC LAND SURVEY SYSTEM (PLSS) / LAND INDEX
&gt; Description: Public Land Survey System (PLSS) / Land Index contains
&gt;              the boundaries of various levels of geography that
&gt;              define the framework for Cook County's tax map pages,
&gt;              including bounding PLSS townships, sections, and
&gt;              quarter sections.
&gt;
&gt; Data Dictionary: PLSS / Land Index
&gt;
&gt; Format: Data stored in ESRI ARC/INFO version 8.x and ArcGIS 8.x
&gt; Feature Types Maintained: Polygons, arcs, annotation; Geodatabase
&gt;
&gt;----------------------------------------------------------------------
&gt;
&gt; Description: Public Land Survey System polygons table as a
&gt;              half-quarter section index. In most situations, the
&gt;              half-quarter section is coincident to the Tax Map Page.
&gt;
&gt; GEODATABASE: LandIndex
&gt; Attribute Label     Attribute Definition            Attribute Format
&gt;                                                     wdth dec  type
&gt; TOWNSHIP          PLSS township number(assumed N)   2         int
&gt; RANGE             PLSS range number (assumed E)     2         int
&gt; SECTN             PLSS section                      2         string
&gt; FRACL             Code to indicate whole or
&gt;                   fractional section                1         int
&gt; IBL               North or South of Indigenous-
&gt;                   Peoples' Boundary Line            4         string
&gt; QUARTERSEC        Quarter section (ex. S.W.1/4)     7         string
&gt; HALFQUARTER       Half quarter section (ex. W.1/2)  5         string
&gt; IPR_NAME          Indigenous peoples' reserve name 20         string
&gt; JOB_NO            Maintence tracking ID            10         int
&gt;
&gt; TOWNSHIP
&gt; Attribute Definition: PLSS township number (assumed North)
&gt; Attribute Definition Source: Tax map
&gt; Attribute Domain Values and Definitions:
&gt;      35 &lt;= TOWNSHIP &lt;= 42
&gt;
&gt; RANGE
&gt; Attribute Definition: PLSS range number (assumed East)
&gt; Attribute Definition Source: Tax map
&gt; Attribute Domain Values and Definitions:
&gt;      09 &lt;= RANGE &lt;= 15
&gt;
&gt; SECTN
&gt; Attribute Definition: PLSS section number
&gt; Attribute Definition Source: Tax map
&gt; Attribute Domain Values and Definitions:
&gt;      1 &lt;= SECTION &lt;= 36
&gt;
&gt; FRACL
&gt; Attribute Definition: Code to indicate whole or fractional section
&gt; Attribute Definition Source: Tax map
&gt; Attribute Domain Values and Definitions:
&gt;      0 = Non-fractional section
&gt;      1 = Fractional section
&gt;
&gt; IBL
&gt; Attribute Definition: North or South of Indigenous-Peoples'
&gt;                       Boundary Line
&gt; Attribute Definition Source: Tax map
&gt; Attribute Domain Values and Definitions:
&gt;      NIBL = North of Indigenous-Peoples' Boundary Line
&gt;      SIBL = South of Indigenous-Peoples' Boundary Line
&gt;
&gt; QUARTERSEC
&gt; Attribute Definition: Quarter section identifier
&gt; Attribute Definition Source: Tax map
&gt; Attribute Domain Values and Definitions:
&gt;      NE 1/4 = Northeast quarter
&gt;      SE 1/4 = Southeast quarter
&gt;      SW 1/4 = Southwest quarter
&gt;      NW 1/4 = Northwest quarter
&gt;
&gt; HALFQUARTERSEC
&gt; Attribute Definition: Half quarter section identifier
&gt; Attribute Definition Source: Tax map
&gt; Attribute Domain Values and Definitions:
&gt;      E 1/2 = East half
&gt;      W 1/2 = West half
&gt;
&gt; IPR_NM
&gt; Attribute Definition: Indigenous people's reserve name
&gt; Attribute Definition Source: Tax map
&gt; Attribute Domain Values:
&gt;      Ouilmette
&gt;      Miranda
&gt;      Pothier
&gt;      Caldwell
&gt;      Robinson
&gt;      C. Laframboise
&gt;      T. Laframboise
&gt;
&gt; PAGE
&gt; Attribute Definition: Tax map page number.
&gt; Attribute Definition Source: Tax map
&gt;
&gt;
&gt;--------------------------------------------------------------------
&gt;
&gt; Description: Public Land Survey System lines table
&gt; COVERAGE: PLSS.AAT
&gt; Attribute Label     Attribute Definition            Attribute Format
&gt;                                                     wdth dec  type
&gt; FNODE#              From node                          5      bin
&gt; TNODE#              To node                            5      bin
&gt; LPOLY#              Left polygon                       5      bin
&gt; RPOLY#              Right polygon                      5      bin
&gt; LENGTH#             Arc length                        18  5   float
&gt; PLSS#               Arc internal number                5      bin
&gt; PLSS-ID             Arc User-ID                        5      bin
&gt; TYPE                PLSS line type                     2      int
&gt;
&gt; TYPE
&gt; Attribute Definition: PLSS line type
&gt; Attribute Definition Source: User
&gt; Attribute Domain Values and Definitions:
&gt;       1   State line
&gt;       2   County line
&gt;       3   Township line
&gt;       4   Political township line
&gt;       5   Section line
&gt;       6   Quarter section line
&gt;       7   Half quarter section line
&gt;       9   Indigenous people's boundary line/reservation
&gt;      10   Lake Michigan coastline
&gt;
&gt;
&gt;--------------------------------------------------------------------
&gt;
&gt; Description: Public Land Survey System township text
&gt; COVERAGE: PLSS.TATTOWNSHIP
&gt; Attribute Label     Attribute Definition            Attribute Format
&gt;                                                     wdth dec  type
&gt; TOWNSHIP#           Arc internal number                5      bin
&gt; TOWNSHIP-ID         Arc User-ID                        5      bin
&gt;
&gt;---------------------------------------------------------------------
&gt;
&gt; Description: Public Land Survey System range text
&gt; COVERAGE: PLSS.TATRANGE
&gt; Attribute Label     Attribute Definition            Attribute Format
&gt;                                                     wdth dec  type
&gt; RANGE#              Arc internal number                5      bin
&gt; RANGE-ID            Arc User-ID                        5      bin
&gt;
&gt;---------------------------------------------------------------------
&gt;
&gt; Description: Indigenous people's boundary line
&gt; COVERAGE: PLSS.TATINDBND
&gt; Attribute Label     Attribute Definition            Attribute Format
&gt;                                                     wdth dec  type
&gt; INDBND#             Arc internal number                5      bin
&gt; INDBND-ID           Arc User-ID                        5      bin
&gt;
&gt;---------------------------------------------------------------------
&gt;
&gt; Description: Indigenous people's reserve name
&gt; COVERAGE: PLSS.TATIPR_NM
&gt; Attribute Label     Attribute Definition            Attribute Format
&gt;                                                     wdth dec  type
&gt; IPR_NM#             Arc internal number                5      bin
&gt; IPR_NM-ID           Arc User-ID                        5      bin
&gt;
&gt;---------------------------------------------------------------------
&gt;
&gt; Description: Miscellaneous notes
&gt; COVERAGE: PLSS.TATMISCANNO
&gt; Attribute Label     Attribute Definition            Attribute Format
&gt;                                                     wdth dec  type
&gt; MISCANNO#             Arc internal number                5      bin
&gt; MISCANNO-ID           Arc User-ID                        5      bin
&gt;
&gt;---------------------------------------------------------------------
&gt;
</eadetcit>
		</overview>
		<detailed Name="PLSSpolys"><enttyp><enttypl Sync="TRUE">PLSSpolys</enttypl><enttypt Sync="TRUE">Feature Class</enttypt><enttypc Sync="TRUE">3969</enttypc></enttyp><attr><attrlabl Sync="TRUE">FID</attrlabl><attalias Sync="TRUE">FID</attalias><attrtype Sync="TRUE">OID</attrtype><attwidth Sync="TRUE">4</attwidth><atprecis Sync="TRUE">0</atprecis><attscale Sync="TRUE">0</attscale><attrdef Sync="TRUE">Internal feature number.</attrdef><attrdefs Sync="TRUE">ESRI</attrdefs><attrdomv><udom Sync="TRUE">Sequential unique whole numbers that are automatically generated.</udom></attrdomv></attr><attr><attrlabl Sync="TRUE">TOWNSHIP</attrlabl><attalias Sync="TRUE">TOWNSHIP</attalias><attrtype Sync="TRUE">Number</attrtype><attwidth Sync="TRUE">5</attwidth></attr><attr><attrlabl Sync="TRUE">RANGE</attrlabl><attalias Sync="TRUE">RANGE</attalias><attrtype Sync="TRUE">Number</attrtype><attwidth Sync="TRUE">5</attwidth></attr><attr><attrlabl Sync="TRUE">SECTN</attrlabl><attalias Sync="TRUE">SECTN</attalias><attrtype Sync="TRUE">String</attrtype><attwidth Sync="TRUE">7</attwidth></attr><attr><attrlabl Sync="TRUE">QUARTERSEC</attrlabl><attalias Sync="TRUE">QUARTERSEC</attalias><attrtype Sync="TRUE">String</attrtype><attwidth Sync="TRUE">7</attwidth></attr><attr><attrlabl Sync="TRUE">JOB_NO</attrlabl><attalias Sync="TRUE">JOB_NO</attalias><attrtype Sync="TRUE">Number</attrtype><attwidth Sync="TRUE">10</attwidth></attr><attr><attrlabl Sync="TRUE">HALFQUARTE</attrlabl><attalias Sync="TRUE">HALFQUARTE</attalias><attrtype Sync="TRUE">String</attrtype><attwidth Sync="TRUE">5</attwidth></attr><attr><attrlabl Sync="TRUE">IBL</attrlabl><attalias Sync="TRUE">IBL</attalias><attrtype Sync="TRUE">String</attrtype><attwidth Sync="TRUE">4</attwidth></attr><attr><attrlabl Sync="TRUE">FRACL</attrlabl><attalias Sync="TRUE">FRACL</attalias><attrtype Sync="TRUE">Number</attrtype><attwidth Sync="TRUE">5</attwidth></attr><attr><attrlabl Sync="TRUE">PAGE</attrlabl><attalias Sync="TRUE">PAGE</attalias><attrtype Sync="TRUE">String</attrtype><attwidth Sync="TRUE">7</attwidth></attr><attr><attrlabl Sync="TRUE">SHAPE</attrlabl><attalias Sync="TRUE">Shape</attalias><attrtype Sync="TRUE">Geometry</attrtype><attwidth Sync="TRUE">0</attwidth><atprecis Sync="TRUE">0</atprecis><attscale Sync="TRUE">0</attscale><attrdef Sync="TRUE">Feature geometry.</attrdef><attrdefs Sync="TRUE">ESRI</attrdefs><attrdomv><udom Sync="TRUE">Coordinates defining the features.</udom></attrdomv></attr><attr><attrlabl Sync="TRUE">DB2GSE_ST_</attrlabl><attalias Sync="TRUE">DB2GSE_ST_</attalias><attrtype Sync="TRUE">Float</attrtype><attwidth Sync="TRUE">19</attwidth><atnumdec Sync="TRUE">11</atnumdec></attr><attr><attrlabl Sync="TRUE">DB2GSE_Sde</attrlabl><attalias Sync="TRUE">DB2GSE_Sde</attalias><attrtype Sync="TRUE">Float</attrtype><attwidth Sync="TRUE">19</attwidth><atnumdec Sync="TRUE">11</atnumdec></attr></detailed></eainfo>
	<distinfo>
		<distrib>
			<cntinfo>
				<cntorgp>
					<cntorg>Office of the Cook County Clerk</cntorg>
					<cntper>Tanya Anthofer</cntper>
				</cntorgp>
				<cntpos>GIS Manager</cntpos>
				<cntaddr>
					<addrtype>mailing and physical address</addrtype>
					<address>
Cook County Clerk
Room 434 Map Dept
118 N. Clark St
</address>
					<city>Chicago</city>
					<state>Illinois</state>
					<postal>60602</postal>
					<country>USA</country>
				</cntaddr>
				<cntvoice>312-603-6229</cntvoice>
				<cntfax>312-603-6717</cntfax>
				<cntemail>TANTHOF@cookcountygov.com</cntemail>
				<hours>09:00 - 17:00, Central Time Zone, Monday - Friday, except holidays</hours>
			</cntinfo>
		</distrib>
		<resdesc>
Cadastre
PLSS / Land Index
</resdesc>
		<distliab>Cook County is committed to offering its data users accurate, useful and current information. Although every effort has been made to ensure the accuracy of information, errors and conditions originating from physical sources used to develop the database may be reflected in the data supplied. The client must be aware of data conditions and bear responsibility for the appropriate use of the information with respect to possible errors, original map scale, collection methodology, currency of data and other conditions specific to certain data. No warranty expressed or implied is made by Cook County regarding the accuracy or utility of this information.</distliab>
		<custom>Call the individual listed as the Contact_Person in the Distribution_Information section of this metadata record to find out how to obtain this data set, the available formats, the available transfer media, compatibility, etc. This person will also be able to provide information about the fees associated with obtaining the data set.</custom>
		<techpreq>User must be able to read either an ArcInfo coverage (in .e00 export format), an ArcView shapefile, or a personal geodatabase. Format compatibility is the user's responsibility.</techpreq>
		<availabl>
			<timeinfo>
				<rngdates>
					<begdate>20020201</begdate>
					<enddate>20030201</enddate>
				</rngdates>
			</timeinfo>
		</availabl>
		<stdorder><digform><digtinfo><transize Sync="TRUE">1.945</transize><dssize Sync="TRUE">1.945</dssize></digtinfo></digform></stdorder></distinfo>
	<metainfo>
		<metd Sync="TRUE">20090128</metd>
		<metrd>20020626</metrd>
		<metfrd>20020630</metfrd>
		<metc>
			<cntinfo>
				<cntorgp>
					<cntorg>Northeastern Illinois Planning Commission</cntorg>
					<cntper>Linda Schwab</cntper>
				</cntorgp>
				<cntpos>Metadata Specialist/GIS Analyst</cntpos>
				<cntaddr>
					<addrtype>mailing and physical address</addrtype>
					<address>222 S. Riverside Plaza, Suite 1800</address>
					<city>Chicago</city>
					<state>Illinois</state>
					<postal>60606</postal>
					<country>USA</country>
				</cntaddr>
				<cntvoice>312/454-0400</cntvoice>
				<cntfax>312/454-0411</cntfax>
				<cntemail>lschwab@nipc.org</cntemail>
				<hours>09:00 - 17:00, Central Time Zone, Monday-Friday, except holidays</hours>
				<cntinst>Please contact during normal business hours</cntinst>
			</cntinfo>
		</metc>
		<metstdn Sync="TRUE">FGDC Content Standards for Digital Geospatial Metadata</metstdn>
		<metstdv Sync="TRUE">FGDC-STD-001-1998</metstdv>
		<mettc Sync="TRUE">local time</mettc>
		<metac>None</metac>
		<metuc>This metadata file is intended to accompany the geospatial data set identified and received from Cook County. It is not to be altered or summarized. Cook County does not support secondary distribution. If this geospatial data set was received from anyone besides the Cook County Department of Office Technology or the Cook County Assessor's Office, this metadata file and the geospatial data set it describes may lack integrity.</metuc>
		<langmeta Sync="TRUE">en</langmeta><metextns><onlink Sync="TRUE">http://www.esri.com/metadata/esriprof80.html</onlink><metprof Sync="TRUE">ESRI Metadata Profile</metprof></metextns></metainfo>
	<Esri><CreaDate>20080120</CreaDate><CreaTime>22113600</CreaTime><SyncOnce>FALSE</SyncOnce><SyncDate>20090128</SyncDate><SyncTime>15250000</SyncTime><ModDate>20090128</ModDate><ModTime>15250000</ModTime><MetaID>{F9F7A9EE-2AC9-4E37-8069-DB6D172E73B9}</MetaID><DataProperties><lineage><Process ToolSource="C:\Program Files\ArcGIS\ArcToolbox\Toolboxes\Conversion Tools.tbx\FeatureClassToFeatureClass" Date="20090128" Time="151553">FeatureClassToFeatureClass "Database Connections\Planimetrics.sde\PLANIM.GIS.Planimetry\PLANIM.GIS.CCHDPLSS" Z:\GIS\GIS_Data PLSSpolys.shp # "TOWNSHIP 'TOWNSHIP' true true false 2 Short 0 5 ,First,#,Database Connections\Planimetrics.sde\PLANIM.GIS.Planimetry\PLANIM.GIS.CCHDPLSS,TOWNSHIP,-1,-1;RANGE 'RANGE' true true false 2 Short 0 5 ,First,#,Database Connections\Planimetrics.sde\PLANIM.GIS.Planimetry\PLANIM.GIS.CCHDPLSS,RANGE,-1,-1;SECTN 'SECTN' true true false 7 Text 0 0 ,First,#,Database Connections\Planimetrics.sde\PLANIM.GIS.Planimetry\PLANIM.GIS.CCHDPLSS,SECTN,-1,-1;QUARTERSEC 'QUARTERSEC' true true false 7 Text 0 0 ,First,#,Database Connections\Planimetrics.sde\PLANIM.GIS.Planimetry\PLANIM.GIS.CCHDPLSS,QUARTERSEC,-1,-1;HALFQUARTE 'HALFQUARTE' true true false 5 Text 0 0 ,First,#,Database Connections\Planimetrics.sde\PLANIM.GIS.Planimetry\PLANIM.GIS.CCHDPLSS,HALFQUARTER,-1,-1;JOB_NO 'JOB_NO' true true false 4 Long 0 10 ,First,#,Database Connections\Planimetrics.sde\PLANIM.GIS.Planimetry\PLANIM.GIS.CCHDPLSS,JOB_NO,-1,-1;IBL 'IBL' true true false 4 Text 0 0 ,First,#,Database Connections\Planimetrics.sde\PLANIM.GIS.Planimetry\PLANIM.GIS.CCHDPLSS,IBL,-1,-1;FRACL 'FRACL' true true false 2 Short 0 5 ,First,#,Database Connections\Planimetrics.sde\PLANIM.GIS.Planimetry\PLANIM.GIS.CCHDPLSS,FRACL,-1,-1;PAGE 'PAGE' true true false 7 Text 0 0 ,First,#,Database Connections\Planimetrics.sde\PLANIM.GIS.Planimetry\PLANIM.GIS.CCHDPLSS,PAGE,-1,-1;DB2GSE_ST_ 'DB2GSE_ST_' false false true 0 Double 0 0 ,First,#,Database Connections\Planimetrics.sde\PLANIM.GIS.Planimetry\PLANIM.GIS.CCHDPLSS,DB2GSE.ST_Area(SHAPE),-1,-1;DB2GSE_Sde 'DB2GSE_Sde' false false true 0 Double 0 0 ,First,#,Database Connections\Planimetrics.sde\PLANIM.GIS.Planimetry\PLANIM.GIS.CCHDPLSS,DB2GSE.SdeLength(SHAPE),-1,-1" # Z:\GIS\GIS_Data\PLSSpolys.shp</Process></lineage></DataProperties></Esri><dataIdInfo><envirDesc Sync="TRUE">Microsoft Windows XP Version 5.1 (Build 2600) Service Pack 2; ESRI ArcCatalog 9.3.1.1850</envirDesc><dataLang><languageCode Sync="TRUE" value="en"></languageCode></dataLang><idCitation><resTitle Sync="TRUE">PLSSpolys</resTitle><presForm><PresFormCd Sync="TRUE" value="005"></PresFormCd></presForm></idCitation><spatRpType><SpatRepTypCd Sync="TRUE" value="001"></SpatRepTypCd></spatRpType><dataExt><geoEle><GeoBndBox esriExtentType="native"><westBL Sync="TRUE">1003172.313</westBL><eastBL Sync="TRUE">1205633.875</eastBL><northBL Sync="TRUE">1998854.277</northBL><southBL Sync="TRUE">1749884.652</southBL><exTypeCode Sync="TRUE">1</exTypeCode></GeoBndBox></geoEle></dataExt><geoBox esriExtentType="decdegrees"><westBL Sync="TRUE">-88.264287</westBL><eastBL Sync="TRUE">-87.516925</eastBL><northBL Sync="TRUE">42.154378</northBL><southBL Sync="TRUE">41.468316</southBL><exTypeCode Sync="TRUE">1</exTypeCode></geoBox></dataIdInfo><mdLang><languageCode Sync="TRUE" value="en"></languageCode></mdLang><mdStanName Sync="TRUE">ISO 19115 Geographic Information - Metadata</mdStanName><mdStanVer Sync="TRUE">DIS_ESRI1.0</mdStanVer><mdChar><CharSetCd Sync="TRUE" value="004"></CharSetCd></mdChar><mdHrLv><ScopeCd Sync="TRUE" value="005"></ScopeCd></mdHrLv><mdHrLvName Sync="TRUE">dataset</mdHrLvName><distInfo><distributor><distorTran><onLineSrc><orDesc Sync="TRUE">002</orDesc><linkage Sync="TRUE">file://\\PLANDEVSERVER\P&amp;D Server\GIS\GIS_Data\Shapefiles\PLSS\PLSSpolys</linkage><protocol Sync="TRUE">Local Area Network</protocol></onLineSrc><transSize Sync="TRUE">1.945</transSize></distorTran><distorFormat><formatName Sync="TRUE">Shapefile</formatName></distorFormat></distributor></distInfo><refSysInfo><RefSystem><refSysID><identCode Sync="TRUE">NAD_1983_StatePlane_Illinois_East_FIPS_1201_Feet</identCode></refSysID></RefSystem></refSysInfo><spatRepInfo><VectSpatRep><topLvl><TopoLevCd Sync="TRUE" value="001"></TopoLevCd></topLvl><geometObjs Name="PLSSpolys"><geoObjTyp><GeoObjTypCd Sync="TRUE" value="001"></GeoObjTypCd></geoObjTyp><geoObjCnt Sync="TRUE">3969</geoObjCnt></geometObjs></VectSpatRep></spatRepInfo><mdDateSt Sync="TRUE">20090128</mdDateSt></metadata>
